headline	body	themes	predicted	reason
トヨタ、EV量産で経済界にインパクト	トヨタは次世代電気自動車の量産を開始することを発表し、経済界に大きな影響を与えている。環境政策との連携にも注目が集まっている。	経済,政治	政治,科学,経済	記事はトヨタの次世代電気自動車の量産開始について述べており、経済界への影響が強調されているため、経済が最も関連性が高い。また、電気自動車という技術的側面から科学も関連性がある。さらに、環境政策との連携が注目されているため、政治も関連性があると判断した。
羽生結弦、世界選手権で圧巻の演技	羽生結弦選手がフィギュアスケート世界選手権で圧巻の演技を披露し、金メダルを獲得した。国内外で称賛の声が上がっている。	スポーツ	スポーツ	記事は羽生結弦選手のフィギュアスケート世界選手権での金メダル獲得に関するものであり、スポーツに関連する内容が中心であるため、スポーツの主題度が高い。また、フィギュアスケートはエンターテインメント性もあるため、エンタメの主題度も考慮した。
AIによる医療診断、東京大学が精度向上に成功	東京大学の研究グループは、AIを用いた医療診断技術の精度向上に成功したと発表。今後の臨床応用に期待がかかる。	科学	科学	記事はAIを用いた医療診断技術の精度向上に関するものであり、技術的な進歩や研究成果に焦点を当てているため、科学に関連するテーマが最も適切です。過去のテーマ出現頻度からも科学が圧倒的に多く、記事の内容と一致しています。
新作映画『未来への扉』が興行収入1位を獲得	俳優の佐藤健が主演する新作映画『未来への扉』が週末の興行収入で1位を記録し、話題を呼んでいる。	エンタメ	エンタメ	記事は俳優の佐藤健が主演する映画の興行収入について述べており、エンタメに関連する内容であるため、過去のテーマ出現頻度からもエンタメが最も関連性が高いと判断しました。
岸田首相、少子化対策強化を表明	岸田首相は少子化対策に関する新たな方針を示し、教育・福祉の充実を通じた子育て支援強化を表明した。	政治	政治	記事は岸田首相の少子化対策に関する新たな方針を示しており、政治的な側面が強く、教育・福祉の充実を通じた子育て支援強化という内容から経済的な側面も含まれている。過去のテーマ出現頻度からも、政治が主要なテーマであることが示唆される。
為替相場が急変、輸出産業に追い風	為替市場では円安が進行し、輸出産業にとって好影響が広がっている。市場では今後の政策対応に注目が集まっている。	経済	経済	記事本文は為替市場の円安と輸出産業への影響について述べており、経済に関連する内容が中心であるため、過去のテーマ出現頻度からも『経済』が最も関連性が高いと判断しました。
日向坂46、新アルバムが初週売上トップに	アイドルグループ日向坂46の新アルバムが初週で売上1位を記録。メディア露出も増え、注目が集まっている。	エンタメ	エンタメ	記事はアイドルグループの日向坂46の新アルバムの売上とメディア露出について述べており、エンタメに関連する内容が中心であるため、過去のテーマ出現頻度からもエンタメが最も関連性が高いと判断しました。
宇宙探査機が火星から新データを送信	日本の宇宙探査機が火星表面の詳細な画像データを送信。新たな地質情報が明らかになった。	科学	科学	記事は日本の宇宙探査機による火星の地質情報に関するものであり、科学技術に関連する内容であるため、過去のテーマ出現頻度からも『科学』が最も関連性が高いと判断される。
ジャパンFCがリーグ優勝を達成	サッカーJリーグのジャパンFCが、レギュラーシーズン最終戦で勝利しリーグ優勝を決めた。監督や選手への祝福の声が相次ぐ。	スポーツ	スポーツ	記事はサッカーJリーグの試合結果とリーグ優勝に関する内容であり、スポーツに関連する情報が中心となっているため、テーマとして『スポーツ』が最も適切である。
温暖化対策の新法案、国会で審議へ	政府は温暖化対策に関する新たな法案を国会に提出し、エネルギー政策との関連で与野党の議論が続いている。	政治,科学	政治	記事は政府の法案提出と国会での議論に関するものであり、政治的な要素が強い。また、エネルギー政策との関連があるため、経済的な側面も含まれている。過去のテーマ出現頻度からも、政治が主要なテーマであることが示唆される。
