headline	body	themes
トヨタ、EV量産で経済界にインパクト	トヨタは次世代電気自動車の量産を開始することを発表し、経済界に大きな影響を与えている。環境政策との連携にも注目が集まっている。	経済,政治
羽生結弦、世界選手権で圧巻の演技	羽生結弦選手がフィギュアスケート世界選手権で圧巻の演技を披露し、金メダルを獲得した。国内外で称賛の声が上がっている。	スポーツ
AIによる医療診断、東京大学が精度向上に成功	東京大学の研究グループは、AIを用いた医療診断技術の精度向上に成功したと発表。今後の臨床応用に期待がかかる。	科学
新作映画『未来への扉』が興行収入1位を獲得	俳優の佐藤健が主演する新作映画『未来への扉』が週末の興行収入で1位を記録し、話題を呼んでいる。	エンタメ
岸田首相、少子化対策強化を表明	岸田首相は少子化対策に関する新たな方針を示し、教育・福祉の充実を通じた子育て支援強化を表明した。	政治
為替相場が急変、輸出産業に追い風	為替市場では円安が進行し、輸出産業にとって好影響が広がっている。市場では今後の政策対応に注目が集まっている。	経済
日向坂46、新アルバムが初週売上トップに	アイドルグループ日向坂46の新アルバムが初週で売上1位を記録。メディア露出も増え、注目が集まっている。	エンタメ
宇宙探査機が火星から新データを送信	日本の宇宙探査機が火星表面の詳細な画像データを送信。新たな地質情報が明らかになった。	科学
ジャパンFCがリーグ優勝を達成	サッカーJリーグのジャパンFCが、レギュラーシーズン最終戦で勝利しリーグ優勝を決めた。監督や選手への祝福の声が相次ぐ。	スポーツ
温暖化対策の新法案、国会で審議へ	政府は温暖化対策に関する新たな法案を国会に提出し、エネルギー政策との関連で与野党の議論が続いている。	政治,科学
